question,answer
What is the admission requirement?,You need to complete high school and pass the Norton University entrance exam or meet the requirements for direct admission.
How much is the tuition fee?,Tuition fees vary by program and year. Please contact the finance office for the latest fee schedule.
Where is Norton University located?,Norton University is located in Phnom Penh, Cambodia.
What undergraduate programs do you offer?,We offer programs in Business Administration, Information Technology, Engineering, Law, and more.
What graduate programs do you offer?,Our graduate programs include MBA, Master of IT, Master of Law, and other specialized fields.
Does Norton University offer scholarships?,Yes, we offer merit-based scholarships and need-based financial aid. Contact the scholarship office for eligibility.
How can I apply for admission?,You can apply online through our admissions portal or submit your application in person at the admissions office.
When is the application deadline?,Application deadlines vary by program, but most undergraduate programs close in August for the fall intake.
Does the university have dormitories?,Yes, Norton University offers on-campus dormitories and assists students in finding off-campus housing.
What is the student-to-faculty ratio?,We maintain a low student-to-faculty ratio to ensure personalized attention, currently around 20:1.
Is there an English language requirement?,Yes, students must meet minimum English proficiency requirements. TOEFL and IELTS scores are accepted.
Does Norton University have international student support?,Yes, we provide visa assistance, orientation programs, and cultural integration activities for international students.
What extracurricular activities are available?,Students can join clubs in sports, debate, culture, technology, and volunteer activities.
Does the university offer internships?,Yes, many programs include internship opportunities through our industry partnerships.
How can I contact the admissions office?,You can email admissions@norton.edu.kh or call +855-XX-XXX-XXXX.
Is there a library on campus?,Yes, our library offers books, journals, and digital resources, along with quiet study spaces.
What are the campus hours?,The campus is open from 7:30 AM to 9:00 PM on weekdays and 8:00 AM to 5:00 PM on Saturdays.
Does Norton University have online courses?,Yes, we offer blended learning and fully online programs for certain courses.
What is the grading system?,We use a GPA system from 0.00 to 4.00, with letter grades from A to F.
Are there research opportunities for students?,Yes, undergraduate and graduate students can participate in research projects with faculty.
Hello,Hello! How can I help you today?
Hi,Hi there! What can I do for you?
Hey,Hey! How’s your day going?
Good morning,Good morning! How can I assist you today?
Good afternoon,Good afternoon! What would you like to know?
Good evening,Good evening! How can I help you?
How are you?,I’m doing great, thanks for asking! How about you?
Who are you?,I’m the Norton University chatbot, here to answer your questions about the university.
Thank you,You’re welcome! Happy to help.
Thanks,No problem at all!
Bye,Goodbye! Have a great day.
Goodbye,See you later! Take care.
